-- alliances
INSERT INTO alliances (alliance_tag, alliance_name, num_members, alliance_leader, alliance_power, alliance_updated)
	VALUES('SNW', 'Strange New Worlds', 89, 'Jin', 4200153000, '2022-11-12'),
	('JPL', 'Jet Prop Labs', 95, 'Blooddrainer', 5539262000, '2022-11-12'),
	('REPO', 'RSS Reposession', 83, 'DocTox', 4200228000, '2022-11-12'),
	('XINDI', 'The XINDI', 90, 'Hillbillie53', 2528956000, '2022-11-12'),
	('ADHD', 'The Distracted', 85, 'Ruters', 2451873000, '2022-11-12'),
	('KNGT', 'Knights Templar', 83, 'D3M0NRhino', 2197315000, '2022-11-12'),
	('LLAP', 'LiveLongAndProsper', 82, 'SecretSquirell', 1891547000, '2022-11-12'),
	('DARK', 'Darkness Rises', 76, 'CD0331', 1648571000, '2022-11-12'),
	('FAM', 'TheFamilyEst2019', 44, 'Garak', 1635723000, '2022-11-12'),
	('CLTC', 'celtic crew', 76, 'OfficerDAmico769', 1549720000, '2022-11-12');
-- teams
INSERT INTO teams (team_name, team_refine, two_system_defense, three_system_defense)
	VALUES('Ash', 'Diodes', 'Aplha', 'Aplha'),
	('Cream', 'Diodes', 'Aplha', 'Aplha'),
	('Demolish', 'Reactors', 'Aplha', 'Gamma'),
	('Jedi', 'Reactors', 'Beta', 'Beta'),
	('Kal', 'Emitters', 'Beta', 'Gamma'), 
	('Motaur', 'Swing', 'Beta', 'Beta'),
	('Optic', 'Emitters', 'Beta', 'Beta'),
	('Sig', 'Swing', 'Beta', 'Gamma');
-- players
INSERT INTO players (player_id, alliance_tag, player_name, team_id, pwr, resources_mined, pvp_total, pvp_damage, kd_ratio, pve, pve_damage, lvl, player_updated, act)
	VALUES(1, 'SNW', '5th', 3, 60275368, 790110336, 3824, 4769637376, 0.5, 190186, '972,888,473,6…', 48, '2022-10-21', true),
	(2, 'SNW', 'AhzomeOne', 1, 32397736, 999026432, 25503, 1719744768, 3.41, 209072, '387,053,944,…', 42, '2022-10-21', true),
	(3, 'SNW', 'AlexWonderBolt', 6, 37663016, 316637152, 7053, 2585925888, 1.5, 95137, '402,710,429,6…', 43, '2022-10-21', true),
	(4, 'SNW', 'Alf377', 4, 106428360, 1897014016, 3688, 1273027584, 1.27, 378673, '1,746,430,197,…', 54, '2022-10-21', true),
	(5, 'SNW', 'AndreSavio', 7, 38960128, 1739881600, 3684, 2141126528, 0.37, 427741, '1,910,385,016,…', 43, '2022-10-21', true),
	(6, 'SNW', 'ApolloV', 7, 45433476, 1602838144, 32918, 4253116672, 5.38, 329503, '1,329,729,896,…', 45, '2022-10-21', true),
	(7, 'SNW', 'Ashblen', 1, 35755244, 1698660736, 12257, 2704582144, 2.45, 537351, '1,209,198,706,…', 43, '2022-10-21', true),
	(8, 'SNW', 'Badfinger', 8, 24321340, 911687808, 8188, 982643328, 1.19, 336317, '607,160,565,7..', 41, '2022-10-21', true),
	(9, 'SNW', 'Belasko', 1, 28299948, 555038080, 1772, 669436096, 0.92, 255325, '553,523,544,…', 40, '2022-10-21', true),
	(10, 'SNW', 'BlazingCadet', NULL, 40529068, 1150006528, 13318, 5320621056, 1.66, 266073, '615840219136', 44, '2022-10-21', true),
	(12, 'SNW', 'BobtheKlingon', 8, 33530838, 319833888, 2970, 1526803072, 0.38, 167859, '468,597,637,1…', 42, '2022-10-21', true),
	(13, 'SNW', 'Boneman', 4, 34258056, 440010304, 14387, 3710996480, 1.89, 265610, '675,845,046,…', 43, '2022-10-21', true),
	(14, 'SNW', 'BorgHorta', 3, 37791736, 997686720, 10469, 3016114432, 2.13, 297427, '794,443,251,7…', 43, '2022-10-21', true),
	(15, 'SNW', 'BuBuu', 2, 50178968, 1463588224, 15000, 2969881344, 1.7, 323258, '1543096762', 46, '2022-10-21', true),
	(16, 'SNW', 'Cap42', 7, 49346104, 1689638912, 6374, 3855000064, 1.07, 305913, '1,693,696,262,…', 46, '2022-10-21', true),
	(17, 'SNW', 'CaptDekker', 5, 64850548, 701016960, 3392, 2312905984, 1.03, 114024, '1,149,222,256,…', 49, '2022-10-21', true),
	(18, 'SNW', 'CaptSteve', 2, 30067842, 717127232, 28362, 4700725248, 3.03, 250051, '463,865,184,2…', 42, '2022-10-21', true),
	(19, 'SNW', 'CelticDarak', 5, 167753888, 991784448, 23010, 13146765312, 5.59, 248266, '2,794,133,127,1…', 55, '2022-10-21', true),
	(20, 'SNW', 'ChessyMac', 5, 31044360, 823332096, 4523, 1130831232, 1.03, 221260, '294,770,704,…', 41, '2022-10-21', true),
	(21, 'SNW', 'Cisco', 7, 32133248, 1695159936, 4022, 1236409216, 0.55, 332267, '693,509,488,…', 41, '2022-10-21', true),
	(22, 'SNW', 'CoopFu', 6, 31198092, 1801843584, 10721, 650427008, 1.73, 258519, '608,556,285,…', 44, '2022-10-21', true),
	(23, 'SNW', 'CruddyDingo', 5, 41398056, 260815664, 284, 264956384, 0.1, 116031, '373,160,443,9..', 45, '2022-10-21', true),
	(24, 'SNW', 'Dallio', 1, 27189572, 593665024, 1067, 271224960, 0.25, 136371, '102,334,373,8…', 40, '2022-10-21', true),
	(26, 'SNW', 'DarkSmashingCo', 8, 189172224, 966967296, 16899, 18640240640, 7.71, 219364, '4,630,666,80…', 55, '2022-10-21', true),
	(27, 'SNW', 'DeathBecomesU', 6, 117919600, 2954269696, 10253, 8223108096, 1.51, 331232, '3,905,345,55…', 54, '2022-10-21', true),
	(28, 'SNW', 'Demolish', 3, 37627704, 624403264, 2631, 843427584, 0.83, 92112, '348,433,285,1…', 42, '2022-10-21', true),
	(29, 'SNW', 'DocHolidae', 3, 38231812, 934646656, 11128, 6109650944, 1.12, 261838, '950,692,937,7…', 44, '2022-10-21', true),
	(30, 'SNW', 'DocNotAdmiral', 7, 64227940, 2685235200, 45575, 12460998656, 3.47, 363889, '2135779180', 49, '2022-10-21', true),
	(31, 'SNW', 'DoctorDrew', 7, 36987072, 294452992, 1738, 283171872, 1.37, 161503, '605,129,670,6…', 42, '2022-10-21', true),
	(32, 'SNW', 'DoktorToom', 8, 44426984, 979050432, 7568, 3280406016, 1.51, 216028, '788,024,918,0..', 46, '2022-10-21', true),
	(33, 'SNW', 'Drood', 4, 149135360, 555094784, 16162, 9126748160, 2.07, 115082, '1,476,077,158,…', 54, '2022-10-21', true),
	(34, 'SNW', 'Effing', 8, 17517264, 415666944, 3147, 863097728, 2.06, 156736, '367923167232', 39, '2022-10-21', true),
	(35, 'SNW', 'Egghead', 6, 47588504, 983953536, 5522, 3187302912, 0.87, 117809, '393,925,394,4..', 46, '2022-10-21', true),
	(36, 'SNW', 'Egh6', 1, 13477604, 318124192, 9987, 1032592256, 1.69, 131335, '203,559,485,…', 36, '2022-10-21', true),
	(37, 'SNW', 'ElProfesor', 6, 35732004, 366275328, 2189, 420821536, 0.67, 161661, '508,063,940,…', 45, '2022-10-21', true),
	(38, 'SNW', 'EternalEmperor', 6, 40802504, 1046604928, 11320, 2492527360, 2.65, 292553, '1091119153152', 45, '2022-10-21', true),
	(39, 'SNW', 'Fart', 1, 63721068, 663939904, 1541, 1099484800, 0.55, 82963, '2121456418', 47, '2022-10-21', true),
	(40, 'SNW', 'FlyMarines', 8, 29966060, 305610976, 2498, 435619744, 1.03, 118972, '184,766,889,9..', 43, '2022-10-21', true),
	(41, 'SNW', 'ForgEdnfire', 4, 31036838, 514901056, 28148, 4335346688, 3.53, 195770, '870,823,165,9..', 42, '2022-10-21', true),
	(42, 'SNW', 'Frome', 5, 44830384, 1742030592, 11598, 1748097664, 1.55, 316839, '1,817,927,614,…', 46, '2022-10-21', true),
	(43, 'SNW', 'FuryReaper', 5, 18126620, 344581664, 893, 623444544, 0.18, 95485, '103,542,587,3…', 39, '2022-10-21', true),
	(45, 'SNW', 'GodPapa', 2, 39949264, 705582784, 2428, 848968256, 2.11, 194120, '636,026,355,7…', 46, '2022-10-21', true),
	(46, 'SNW', 'GoldenPredator', 4, 57623824, 1559185664, 18516, 7925672960, 3.11, 411236, '1,674,579,017,…', 48, '2022-10-21', true),
	(47, 'SNW', 'Gorguhl', 4, 20654988, 1061188288, 4775, 258613488, 1.35, 335377, '389,608,505,…', 40, '2022-10-21', true),
	(49, 'SNW', 'GusTheBulldog', 1, 26378, 841640960, 2716, 1045918144, 0.7, 361590, '902,438,780,…', 40, '2022-10-21', true),
	(50, 'SNW', 'Hadrian', 3, 24823758, 337076256, 4826, 956300032, 0.99, 109420, '125,698,007,0..', 40, '2022-10-21', true),
	(51, 'SNW', 'HeavyMettle', 7, 31417748, 907691904, 11433, 1784039296, 3.17, 187532, '496,462,790,…', 41, '2022-10-21', true),
	(52, 'SNW', 'HolyCow', 3, 57296168, 1509534848, 10389, 1982885248, 1.3, 397856, '1,671,916,552,1…', 48, '2022-10-21', true),
	(53, 'SNW', 'HumpDinger', 8, 28788164, 587679360, 1512, 344555072, 0.54, 218590, '398,849,900,…', 42, '2022-10-21', true),
	(55, 'SNW', 'JBroJammin', 1, 51651976, 1732381440, 26298, 7735193088, 3, 330779, '1,528,769,413,1..', 46, '2022-10-21', true),
	(56, 'SNW', 'Jedi', 4, 30439880, 663232320, 5090, 1649248512, 0.73, 205200, '597,396,094,…', 43, '2022-10-21', true),
	(57, 'SNW', 'Jin', 2, 85819080, 1253424768, 35991, 2570782464, 1.28, 126775, '1,914,848,542,…', 52, '2022-10-21', true),
	(59, 'SNW', 'KalSkirata', 5, 55493176, 875460672, 4242, 1471979136, 2.5, 146045, '750,640,234,…', 48, '2022-10-21', true),
	(60, 'SNW', 'Kels', 8, 22108812, 599314560, 737, 245438272, 0.15, 130628, '346,768,605,1…', 40, '2022-10-21', true),
	(62, 'SNW', 'KingCajun', 2, 32919832, 420343392, 5574, 614791168, 0.95, 279893, '698,450,837,…', 44, '2022-10-21', true),
	(64, 'SNW', 'LifeHope', 8, 37586636, 870079424, 15127, 2961227520, 2.08, 135954, '448,862,584,…', 44, '2022-10-21', true),
	(65, 'SNW', 'LordBlix', 6, 32239624, 1264352640, 1152, 307275008, 0.41, 218964, '1,065,458,728,…', 43, '2022-10-21', true),
	(66, 'SNW', 'LordNikon', 4, 33320480, 619249920, 22518, 2532642304, 1.91, 173220, '610,599,895,0..', 44, '2022-10-21', true),
	(68, 'SNW', 'MK', 4, 63321528, 995309056, 4407, 4816041984, 1.6, 180567, '1,176,967,053,…', 49, '2022-10-21', true),
	(69, 'SNW', 'Mohikum', 2, 35962284, 1327266304, 2834, 709590336, 0.94, 188457, '564,678,033,…', 44, '2022-10-21', true),
	(70, 'SNW', 'Motaur', 6, 60918004, 1716887296, 10223, 4278445312, 1.32, 232190, '1,848,888,262,…', 47, '2022-10-21', true),
	(71, 'SNW', 'MrKim', 3, 35549488, 272225408, 2602, 458400000, 2.15, 161167, '307,787,923,4…', 44, '2022-10-21', true),
	(72, 'SNW', 'NightOwl', 5, 34912760, 1259968128, 7728, 4608036864, 1.15, 415432, '1,454,555,398,…', 44, '2022-10-21', true),
	(74, 'SNW', 'OpposingJudge', 2, 36904120, 998044736, 2219, 1004353088, 0.37, 311075, '798297161728', 44, '2022-10-21', true),
	(75, 'SNW', 'OpticHornet', 7, 30318520, 1414983296, 2127, 1131346176, 0.44, 338019, '924,839,116,8…', 40, '2022-10-21', true),
	(76, 'SNW', 'PandarRoth', 8, 33865848, 824918464, 26213, 4395436032, 1.87, 316259, '777,760,997,3…', 43, '2022-10-21', true),
	(77, 'SNW', 'PercivalMcLeach', 1, 33643616, 476387360, 23674, 1653071744, 2.5, 366103, '614412976128', 43, '2022-10-21', true),
	(78, 'SNW', 'Piochi', 3, 31162964, 461532896, 3296, 1215561856, 0.63, 208820, '433,078,566,…', 42, '2022-10-21', true),
	(79, 'SNW', 'Raider', 1, 43282684, 962639680, 7147, 1758445312, 1.47, 285496, '1,251,239,657,…', 46, '2022-10-21', true),
	(81, 'SNW', 'Rexmando', 1, 31024914, 819639360, 1994, 861942592, 1.1, 245960, '853,724,233,7..', 42, '2022-10-21', true),
	(82, 'SNW', 'RogueRising', 3, 15918808, 259275248, 3479, 531231808, 0.58, 224386, '319526174720', 41, '2022-10-21', true),
	(84, 'SNW', 'RunVS', 4, 34333156, 896762560, 5597, 1518002688, 0.66, 133583, '646,121,324,5…', 42, '2022-10-21', true),
	(85, 'SNW', 'SaintOfEvil', 7, 15009120, 105475424, 3050, 698242112, 1.13, 88438, '56206606336', 39, '2022-10-21', true),
	(87, 'SNW', 'Saipan', 5, 21509424, 329462656, 1643, 389095040, 0.28, 95871, '185190105088', 39, '2022-10-21', true),
	(88, 'SNW', 'SigmundAusfaller', 8, 39588232, 362904704, 11916, 2248107008, 2.03, 140203, '340,833,042,…', 44, '2022-10-21', true),
	(89, 'SNW', 'SJ42', 1, 65307464, 2019528960, 71285, 7693464576, 4.63, 282665, '1,688,337,514,…', 49, '2022-10-21', true),
	(91, 'SNW', 'Sky', 5, 93524040, 408421376, 189, 374137824, 0.14, 276139, '1,368,968,003…', 53, '2022-10-21', true),
	(93, 'SNW', 'SpaceGhost', NULL, 27822766, 356031744, 2868, 491289280, 0.97, 128463, '278,786,670,5…', 41, '2022-10-21', true),
	(94, 'SNW', 'Spicy', 4, 16881840, 1044047936, 7506, 1465066240, 1.25, 187132, '259,056,599,…', 37, '2022-10-21', true),
	(95, 'SNW', 'Sudamon', 6, 31257066, 692240320, 1785, 1105672448, 0.28, 171569, '483,973,496,8..', 44, '2022-10-21', true),
	(97, 'SNW', 'TacticalCream', 2, 35797805, 325128288, 3241, 3702280448, 0.88, 92882, '604,343,304,1..', 42, '2022-10-21', true),
	(98, 'SNW', 'TacticalKoffee', 2, 26279468, 958848512, 13745, 2504868608, 1.79, 371831, '570,672,480,2…', 41, '2022-10-21', true),
	(99, 'SNW', 'TroubledTribbles', 3, 71892520, 492649056, 2897, 2074792064, 0.95, 168948, '1,572,002,201,…', 52, '2022-10-21', true),
	(101, 'SNW', 'Windtalker', NULL, 31929836, 779314432, 1846, 485226304, 1.17, 438797, '775,476,019,2…', 44, '2022-10-21', true),
	(104, 'SNW', 'YankeeWhite', 7, 52912456, 563872960, 31525, 8088487424, 5.36, 152137, '1,055,760,121,…', 48, '2022-10-21', true),
	(105, 'SNW', 'Yenot', 6, 31663182, 306704864, 2544, 748230272, 0.5, 350713, '837,580,685,3..', 44, '2022-10-21', true),
	(106, 'SNW', 'ZombieCrusader', 2, 28590022, 967026112, 5033, 891731712, 1.25, 181868, '391,460,945,9…', 42, '2022-10-21', true),
	(107, 'SNW', 'ZombieFish', NULL, 61792440, 1374089984, 1703, 759005440, 0.36, 198901, '1,502,754,504,…', 49, '2022-10-21', true);
INSERT INTO players (player_id, alliance_tag, player_name, act)
	VALUES(11, 'SNW', 'BLINKO', false), (25, 'SNW', 'DamRabbitBitMe', false), (44, 'SNW', 'Garak', false),
    (48, 'SNW', 'Green Trash Panda', false), (54, 'SNW', 'Jazzy', false), (58, 'SNW', 'JRP1', false),
    (61, 'SNW', 'KingPrimeMember', false), (63, 'SNW', 'Klingon Vulcan', false), (67, 'SNW', 'LtMalo', false),
    (73, 'SNW', 'OneDominus', false), (80, 'SNW', 'RandomBella', false), (83, 'SNW', 'RootForGroot', false),
    (86, 'SNW', 'SaintStephen', false), (90, 'SNW', 'unknown', false), (92, 'SNW', 'SMKHZRD', false),
    (96, 'SNW', 'TacticalBOOMER', false), (100, 'SNW', 'unknown', false), (102, 'SNW', 'WOOZLE', false),
    (103, 'SNW', 'unknown', false);
-- Awards
INSERT INTO awards (award_id, award_name)
	VALUES (1, 'Oct Top 10 Power'), (2, 'Oct Top 10 RSS Mined'), (3, 'Oct Top 10 PVP'), (4, 'Oct Top 10 PVE');
-- Awards Given
INSERT INTO awards_given (award_id, player_id)
	VALUES
		(1, 26), (1, 19), (1, 33), (1, 27), (1, 4), (1, 91), (1, 57), (1, 99), (1, 89), (1, 17),
		(2, 27), (2, 30), (2, 89), (2, 4), (2, 22), (2, 42), (2, 5), (2, 55), (2, 70), (2, 7),
		(3, 89), (3, 30), (3, 57), (3, 6), (3, 104), (3, 18), (3, 41), (3, 55), (3, 76), (3, 2),
        (4, 7), (4, 101), (4, 5), (4, 72), (4, 46),	(4, 52), (4, 98), (4, 4), (4, 77), (4, 30)